cohort_count,person_years,gender,age_group,calendar_year,incidence_rate,cohort_id,database_id
62164,689967663.600274,,,,0.09009697595917206,135,-274552186
14068,365198563.173173,Female,,,0.038521509717246924,135,-274552186
48096,324173117.160848,Male,,,0.14836517111977474,135,-274552186
0,595983.266253,No matching concept,,,0,135,-274552186
0,61506842.967832,,0-9,,0,135,-274552186
-5,76823819.550996,,10-19,,-6.508398084374048e-5,135,-274552186
167,88511080.197128,,20-29,,0.0018867694262465775,135,-274552186
1712,91898854.020531,,30-39,,0.018629176807988534,135,-274552186
9187,98526955.293633,,40-49,,0.09324351871648348,135,-274552186
22731,114032039.575632,,50-59,,0.19933871291430874,135,-274552186
20624,89488396.632442,,60-69,,0.23046563326762337,135,-274552186
5363,56659879.726214,,70-79,,0.09465251295827899,135,-274552186
2376,12519795.635866,,80-89,,0.18977945560016732,135,-274552186
0,29798181.201918,Female,0-9,,0,135,-274552186
-5,38068336.895278,Female,10-19,,-1.313427485354686e-4,135,-274552186
28,47383321.806985,Female,20-29,,5.909252228887082e-4,135,-274552186
371,49864736.260096,Female,30-39,,0.007440127589662815,135,-274552186
1712,52810510.069814004,Female,40-49,,0.032417789522138384,135,-274552186
4456,60888472.405202,Female,50-59,,0.07318298232785525,135,-274552186
4555,47685849.530457,Female,60-69,,0.09552099930799633,135,-274552186
1786,31389628.11499,Female,70-79,,0.05689777506943774,135,-274552186
1158,7309526.888433,Female,80-89,,0.15842338603781364,135,-274552186
0,31676184.10404,Male,0-9,,0,135,-274552186
-5,38714679.258044,Male,10-19,,-1.2914997865986756e-4,135,-274552186
139,41066983.613962,Male,20-29,,0.0033847141369482666,135,-274552186
1341,41965177.960299,Male,30-39,,0.031955065251210134,135,-274552186
7475,45635010.502396,Male,40-49,,0.1637996774342264,135,-274552186
18275,53052698.110882,Male,50-59,,0.3444688140423058,135,-274552186
16069,41721980.145107,Male,60-69,,0.38514471135149403,135,-274552186
3577,25141087.550992,Male,70-79,,0.14227705912661925,135,-274552186
1218,5199315.915126,Male,80-89,,0.23426158746318132,135,-274552186
0,32477.661874,No matching concept,0-9,,0,135,-274552186
0,40803.397674,No matching concept,10-19,,0,135,-274552186
0,60774.776181,No matching concept,20-29,,0,135,-274552186
0,68939.800136,No matching concept,30-39,,0,135,-274552186
0,81434.721423,No matching concept,40-49,,0,135,-274552186
0,90869.059548,No matching concept,50-59,,0,135,-274552186
0,80566.956878,No matching concept,60-69,,0,135,-274552186
0,129164.06023199999,No matching concept,70-79,,0,135,-274552186
0,10952.832307,No matching concept,80-89,,0,135,-274552186
0,4204040.733745,,,2006,0,135,-274552186
0,7613096.580426,,,2007,0,135,-274552186
0,9920822.997946,,,2008,0,135,-274552186
0,11887460.156059,,,2009,0,135,-274552186
0,13953039.674194999,,,2010,0,135,-274552186
0,16444502.321699,,,2011,0,135,-274552186
0,19087612.848732,,,2012,0,135,-274552186
0,20932038.225873,,,2013,0,135,-274552186
0,67206436.391512,,,2014,0,135,-274552186
0,71487261.765916,,,2015,0,135,-274552186
7772,72771827.553728,,,2016,0.10679957149986198,135,-274552186
9890,78475711.739904,,,2017,0.12602625424766997,135,-274552186
9580,71502993.434634,,,2018,0.13398040473309364,135,-274552186
10352,68773846.568104,,,2019,0.15052233540185697,135,-274552186
9882,65480192.227242,,,2020,0.150915867285569,135,-274552186
9879,60593307.885008,,,2021,0.16303780639848947,135,-274552186
4809,29631149.88364,,,2022,0.16229542285347331,135,-274552186
0,2322.611911,,,2023,0,135,-274552186
0,389653.607119,,0-9,2006,0,135,-274552186
0,674574.091719,,0-9,2007,0,135,-274552186
0,846244.25462,,0-9,2008,0,135,-274552186
0,977865.336071,,0-9,2009,0,135,-274552186
0,1117089.73306,,0-9,2010,0,135,-274552186
0,1271435.14579,,0-9,2011,0,135,-274552186
0,1411226.992471,,0-9,2012,0,135,-274552186
0,1473299.893223,,0-9,2013,0,135,-274552186
0,6821994.814511,,0-9,2014,0,135,-274552186
0,7086739.665982,,0-9,2015,0,135,-274552186
0,7098173.511293,,0-9,2016,0,135,-274552186
0,7010877.423682,,0-9,2017,0,135,-274552186
0,6192638.097194,,0-9,2018,0,135,-274552186
0,5930317.021219,,0-9,2019,0,135,-274552186
0,5588324.862424,,0-9,2020,0,135,-274552186
0,5172823.893224,,0-9,2021,0,135,-274552186
0,2443504.689938,,0-9,2022,0,135,-274552186
0,59.934292,,0-9,2023,0,135,-274552186
0,366969.524983,,10-19,2006,0,135,-274552186
0,711385.711157,,10-19,2007,0,135,-274552186
0,935193.199179,,10-19,2008,0,135,-274552186
0,1110967.340178,,10-19,2009,0,135,-274552186
0,1294942.8637919999,,10-19,2010,0,135,-274552186
0,1499177.667352,,10-19,2011,0,135,-274552186
0,1700924.350445,,10-19,2012,0,135,-274552186
0,1827065.169062,,10-19,2013,0,135,-274552186
0,8160035.726215,,10-19,2014,0,135,-274552186
0,8432858.735114,,10-19,2015,0,135,-274552186
-5,8568024.1779600009,,10-19,2016,-5.835651132803494e-4,135,-274552186
0,9043841.574264,,10-19,2017,0,135,-274552186
0,8103378.2861049995,,10-19,2018,0,135,-274552186
-5,7778065.330595,,10-19,2019,-6.428333766151993e-4,135,-274552186
0,7315240.574949,,10-19,2020,0,135,-274552186
0,6749837.426421,,10-19,2021,0,135,-274552186
-5,3225848.85421,,10-19,2022,-0.0015499796258199097,135,-274552186
0,63.039015,,10-19,2023,0,135,-274552186
0,364839.06639299996,,20-29,2006,0,135,-274552186
0,738012.202602,,20-29,2007,0,135,-274552186
0,1021897.984942,,20-29,2008,0,135,-274552186
0,1260698.099932,,20-29,2009,0,135,-274552186
0,1493138.5790549999,,20-29,2010,0,135,-274552186
0,1762739.397673,,20-29,2011,0,135,-274552186
0,2061318.395618,,20-29,2012,0,135,-274552186
0,2272163.509925,,20-29,2013,0,135,-274552186
0,8857200.876112,,20-29,2014,0,135,-274552186
0,9331108.9692,,20-29,2015,0,135,-274552186
28,9512081.598905,,20-29,2016,0.0029436248742045344,135,-274552186
24,10378942.967830999,,20-29,2017,0.0023123742055801604,135,-274552186
28,9472374.121835,,20-29,2018,0.0029559643274072673,135,-274552186
27,9163626.691308001,,20-29,2019,0.002946431681422638,135,-274552186
30,8713065.83436,,20-29,2020,0.0034431049380684023,135,-274552186
18,8132489.453799,,20-29,2021,0.002213344401152774,135,-274552186
12,3975226.633812,,20-29,2022,0.0030186958142038637,135,-274552186
0,155.813826,,20-29,2023,0,135,-274552186
0,473832.569473,,30-39,2006,0,135,-274552186
0,902809.234771,,30-39,2007,0,135,-274552186
0,1192587.132101,,30-39,2008,0,135,-274552186
0,1430173.779603,,30-39,2009,0,135,-274552186
0,1658755.32375,,30-39,2010,0,135,-274552186
0,1928450.4394250002,,30-39,2011,0,135,-274552186
0,2234834.587269,,30-39,2012,0,135,-274552186
0,2454023.293635,,30-39,2013,0,135,-274552186
0,8832782.852839999,,30-39,2014,0,135,-274552186
0,9472706.146474,,30-39,2015,0,135,-274552186
247,9693879.572896,,30-39,2016,0.025479994685575606,135,-274552186
277,10568306.976044001,,30-39,2017,0.02621044228066968,135,-274552186
266,9754939.258042,,30-39,2018,0.02726823745014187,135,-274552186
289,9489748.180698,,30-39,2019,0.030453916636884158,135,-274552186
255,9085853.034908,,30-39,2020,0.02806560914206797,135,-274552186
270,8526516.583162,,30-39,2021,0.0316659209381227,135,-274552186
108,4198428.429842,,30-39,2022,0.025723911174082913,135,-274552186
0,226.62559800000002,,30-39,2023,0,135,-274552186
0,647897.169062,,40-49,2006,0,135,-274552186
0,1170309.185489,,40-49,2007,0,135,-274552186
0,1503666.568104,,40-49,2008,0,135,-274552186
0,1771782.8747440001,,40-49,2009,0,135,-274552186
0,2045689.097878,,40-49,2010,0,135,-274552186
0,2362555.685148,,40-49,2011,0,135,-274552186
0,2676116.531142,,40-49,2012,0,135,-274552186
0,2854214.899384,,40-49,2013,0,135,-274552186
0,9705435.561943,,40-49,2014,0,135,-274552186
0,10172669.141684001,,40-49,2015,0,135,-274552186
1206,10208981.634496,,40-49,2016,0.1181312733412061,135,-274552186
1541,11192552.862423,,40-49,2017,0.137680832866435,135,-274552186
1422,10230682.469541999,,40-49,2018,0.1389936599277193,135,-274552186
1484,9809911.277208,,40-49,2019,0.15127557814389953,135,-274552186
1485,9289504.777549,,40-49,2020,0.15985782187108272,135,-274552186
1434,8632652.292949,,40-49,2021,0.16611348996081612,135,-274552186
615,4252108.273785,,40-49,2022,0.14463413450489582,135,-274552186
0,224.99110299999998,,40-49,2023,0,135,-274552186
0,716410.0095830001,,50-59,2006,0,135,-274552186
0,1263610.119096,,50-59,2007,0,135,-274552186
0,1631908.703627,,50-59,2008,0,135,-274552186
0,1949470.6201230001,,50-59,2009,0,135,-274552186
0,2289668.731006,,50-59,2010,0,135,-274552186
0,2700432.2464070003,,50-59,2011,0,135,-274552186
0,3128245.894593,,50-59,2012,0,135,-274552186
0,3421196.427105,,50-59,2013,0,135,-274552186
0,11276803.581108999,,50-59,2014,0,135,-274552186
0,11967295.438741,,50-59,2015,0,135,-274552186
2997,12040818.173853,,50-59,2016,0.24890335164333566,135,-274552186
3657,13091624.019165,,50-59,2017,0.2793389112493965,135,-274552186
3638,11878823.945243,,50-59,2018,0.3062592742151781,135,-274552186
3808,11300524.640656,,50-59,2019,0.3369755052168042,135,-274552186
3559,10716507.003423,,50-59,2020,0.33210448132616405,135,-274552186
3454,9880405.141683001,,50-59,2021,0.3495808067048205,135,-274552186
1618,4777973.114305,,50-59,2022,0.33863731781072465,135,-274552186
0,321.765914,,50-59,2023,0,135,-274552186
0,1244366.231349,,60-69,2006,0,135,-274552186
0,997494.948665,,60-69,2007,0,135,-274552186
0,1303569.494866,,60-69,2008,0,135,-274552186
0,1585102.417523,,60-69,2009,0,135,-274552186
0,1890379.928816,,60-69,2010,0,135,-274552186
0,2284749.927447,,60-69,2011,0,135,-274552186
0,2699210.869268,,60-69,2012,0,135,-274552186
0,3010132.1998630003,,60-69,2013,0,135,-274552186
0,7783928.17796,,60-69,2014,0,135,-274552186
0,8621556.005476,,60-69,2015,0,135,-274552186
2361,8962336.041067,,60-69,2016,0.2634357816066573,135,-274552186
3240,9933783.359343,,60-69,2017,0.3261597200982534,135,-274552186
3127,9226473.952087,,60-69,2018,0.3389160383737584,135,-274552186
3412,8990001.292265,,60-69,2019,0.3795327596822134,135,-274552186
3331,8737425.500342,,60-69,2020,0.3812335796018653,135,-274552186
3391,8127159.644079,,60-69,2021,0.4172429420000991,135,-274552186
1762,4090213.930185,,60-69,2022,0.43078431350418506,135,-274552186
0,512.711841,,60-69,2023,0,135,-274552186
0,72.555783,,70-79,2006,0,135,-274552186
0,1154901.086927,,70-79,2007,0,135,-274552186
0,1485755.660507,,70-79,2008,0,135,-274552186
0,1801399.6878850001,,70-79,2009,0,135,-274552186
0,2163375.416838,,70-79,2010,0,135,-274552186
0,2634961.812457,,70-79,2011,0,135,-274552186
0,3175735.227926,,70-79,2012,0,135,-274552186
0,3619942.8336759997,,70-79,2013,0,135,-274552186
0,5768254.800822,,70-79,2014,0,135,-274552186
0,6402327.663245,,70-79,2015,0,135,-274552186
931,6672217.475701001,,70-79,2016,0.13953382116073587,135,-274552186
751,4486456.906228,,70-79,2017,0.1673926699167618,135,-274552186
695,4177511.0472279997,,70-79,2018,0.16636700469318194,135,-274552186
865,4028197.5167699996,,70-79,2019,0.21473624279814316,135,-274552186
791,3877674.3408620004,,70-79,2020,0.20398824926184028,135,-274552186
889,3477358.787131,,70-79,2021,0.2556538034815415,135,-274552186
441,1733262.485968,,70-79,2022,0.25443347650469017,135,-274552186
0,474.42026000000004,,70-79,2023,0,135,-274552186
0,15315.367557,,80-89,2016,0,135,-274552186
400,2769325.650924,,80-89,2017,0.14443949553803392,135,-274552186
404,2466172.257358,,80-89,2018,0.16381661856532417,135,-274552186
466,2283454.617385,,80-89,2019,0.2040767512750749,135,-274552186
431,2156596.2984249997,,80-89,2020,0.19985196131272548,135,-274552186
423,1894064.66256,,80-89,2021,0.223329228595753,135,-274552186
252,934583.4715949999,,80-89,2022,0.26963883661448246,135,-274552186
0,283.310062,,80-89,2023,0,135,-274552186
0,2413369.845312,Female,,2006,0,135,-274552186
0,4329717.889116,Female,,2007,0,135,-274552186
0,5617628.914442,Female,,2008,0,135,-274552186
0,6717461.075976,Female,,2009,0,135,-274552186
0,7861491.466119,Female,,2010,0,135,-274552186
0,9239272.528406,Female,,2011,0,135,-274552186
0,10710936.651608,Female,,2012,0,135,-274552186
0,11735438.368241,Female,,2013,0,135,-274552186
0,35410447.676934,Female,,2014,0,135,-274552186
0,37814634.236826,Female,,2015,0,135,-274552186
1798,38542594.332648,Female,,2016,0.04664968799147443,135,-274552186
2223,41182741.661876,Female,,2017,0.05397892200212334,135,-274552186
2190,37326000.462698,Female,,2018,0.05867223846253209,135,-274552186
2333,35753913.697468,Female,,2019,0.06525159790172054,135,-274552186
2202,33961425.659138,Female,,2020,0.06483826745381367,135,-274552186
2208,31290209.284051,Female,,2021,0.07056520395743868,135,-274552186
1114,15289788.736481,Female,,2022,0.07285908387615768,135,-274552186
0,1490.685833,Female,,2023,0,135,-274552186
0,1781606.537988,Male,,2006,0,135,-274552186
0,3263547.019851,Male,,2007,0,135,-274552186
0,4273459.5783710005,Male,,2008,0,135,-274552186
0,5126197.442848,Male,,2009,0,135,-274552186
0,6032372.281998,Male,,2010,0,135,-274552186
0,7130091.214237,Male,,2011,0,135,-274552186
0,8291886.138262,Male,,2012,0,135,-274552186
0,9111606.609172,Male,,2013,0,135,-274552186
0,31731963.707049,Male,,2014,0,135,-274552186
0,33639754.896647,Male,,2015,0,135,-274552186
5974,34206986.962354,Male,,2016,0.17464268357147616,135,-274552186
7667,37272309.760437,Male,,2017,0.20570230418449142,135,-274552186
7390,34160470.663928,Male,,2018,0.21633191394530535,135,-274552186
8019,33008724.511977002,Male,,2019,0.24293577284667142,135,-274552186
7680,31508613.752224,Male,,2020,0.2437428717237018,135,-274552186
7671,29295149.776864998,Male,,2021,0.26185221985306084,135,-274552186
3695,14337547.222451,Male,,2022,0.2577149314782407,135,-274552186
0,829.084189,Male,,2023,0,135,-274552186
0,9064.350445,No matching concept,,2006,0,135,-274552186
0,19831.671459,No matching concept,,2007,0,135,-274552186
0,29734.505133,No matching concept,,2008,0,135,-274552186
0,43801.637235,No matching concept,,2009,0,135,-274552186
0,59175.926078000004,No matching concept,,2010,0,135,-274552186
0,75138.579056,No matching concept,,2011,0,135,-274552186
0,84790.058862,No matching concept,,2012,0,135,-274552186
0,84993.24846,No matching concept,,2013,0,135,-274552186
0,64025.007529,No matching concept,,2014,0,135,-274552186
0,32872.632443,No matching concept,,2015,0,135,-274552186
0,22246.258726,No matching concept,,2016,0,135,-274552186
0,20660.317591,No matching concept,,2017,0,135,-274552186
0,16522.308008,No matching concept,,2018,0,135,-274552186
0,11208.358659,No matching concept,,2019,0,135,-274552186
0,10152.81588,No matching concept,,2020,0,135,-274552186
0,7948.824092,No matching concept,,2021,0,135,-274552186
0,3813.924708,No matching concept,,2022,0,135,-274552186
0,-5,No matching concept,,2023,0,135,-274552186
0,3586180.81588,Female,70-79,2015,0,135,-274552186
0,478522.861054,Female,10-19,2008,0,135,-274552186
6,4930853.073238,Female,20-29,2018,0.0012168279830856753,135,-274552186
222,1255444.180698,Female,80-89,2020,0.1768298450963967,135,-274552186
61,5002335.890486,Female,30-39,2019,0.012194303088686347,135,-274552186
0,3005399.438741,Female,0-9,2018,0,135,-274552186
0,1366103.748118,Female,20-29,2013,0,135,-274552186
0,295287.84668,Female,30-39,2006,0,135,-274552186
0,324040.594114,Female,0-9,2007,0,135,-274552186
731,6943168.752909,Female,50-59,2017,0.10528334050554809,135,-274552186
0,704223.392197,Female,60-69,2006,0,135,-274552186
0,639283.86037,Female,20-29,2008,0,135,-274552186
319,1860583.624914,Female,70-79,2021,0.17145157881024822,135,-274552186
0,3609839.778234,Female,10-19,2020,0,135,-274552186
305,2494467.247091,Female,50-59,2022,0.12227059720093947,135,-274552186
0,6001591.540041,Female,50-59,2014,0,135,-274552186
0,1025327.723477,Female,40-49,2009,0,135,-274552186
0,1254827.605749,Female,60-69,2011,0,135,-274552186
0,1348154.992471,Female,30-39,2012,0,135,-274552186
235,2400402.124572,Female,70-79,2017,0.09790026329105225,135,-274552186
0,4467830.663929,Female,10-19,2017,0,135,-274552186
0,1660136.561259,Female,60-69,2013,0,135,-274552186
-5,4152391.526352,Female,20-29,2021,-0.00120412537408115,135,-274552186
186,1443508.106776,Female,80-89,2018,0.12885275747804512,135,-274552186
5,4482140.706366,Female,20-29,2020,0.0011155383839018,135,-274552186
0,1926681.675565,Female,50-59,2013,0,135,-274552186
0,4768217.048597,Female,30-39,2014,0,135,-274552186
-5,4242703.173169,Female,10-19,2016,-0.0011784939449971826,135,-274552186
404,2137193.993155,Female,60-69,2022,0.1890329101120115,135,-274552186
0,2879803.164956,Female,0-9,2019,0,135,-274552186
125,542442.006845,Female,80-89,2022,0.23043938047319795,135,-274552186
0,188.919918,Female,80-89,2023,0,135,-274552186
206,2234844.355921,Female,70-79,2018,0.09217644148426861,135,-274552186
0,655916.202601,Female,10-19,2010,0,135,-274552186
0,1500132.629706,Female,70-79,2011,0,135,-274552186
688,5274041.623546,Female,60-69,2017,0.13045024084156231,135,-274552186
251,4863034.340862,Female,40-49,2020,0.05161386541957029,135,-274552186
0,722714.275154,Female,30-39,2008,0,135,-274552186
523,4796255.994524,Female,60-69,2016,0.10904338729982753,135,-274552186
662,5614619.04449,Female,50-59,2020,0.11790648568573227,135,-274552186
0,1292700.659822,Female,50-59,2010,0,135,-274552186
0,5153189.188227,Female,30-39,2015,0,135,-274552186
0,6386585.196441,Female,50-59,2015,0,135,-274552186
0,1188155.997262,Female,0-9,2022,0,135,-274552186
0,4176502.814511,Female,10-19,2015,0,135,-274552186
0,3440213.98768,Female,0-9,2015,0,135,-274552186
0,914202.918549,Female,10-19,2013,0,135,-274552186
0,2716435.824778,Female,0-9,2020,0,135,-274552186
0,385208.73922,Female,40-49,2006,0,135,-274552186
276,5393857.713895,Female,40-49,2018,0.051169314179163906,135,-274552186
55,5289719.474333,Female,30-39,2016,0.010397526800215648,135,-274552186
0,565490.283368,Female,10-19,2009,0,135,-274552186
0,865430.491444,Female,30-39,2009,0,135,-274552186
0,685539.129363,Female,40-49,2007,0,135,-274552186
0,3255655.438741,Female,70-79,2014,0,135,-274552186
0,670849.820671,Female,0-9,2012,0,135,-274552186
0,410011.069131,Female,50-59,2006,0,135,-274552186
0,1237989.40178,Female,70-79,2010,0,135,-274552186
0,240177.69473,Female,20-29,2006,0,135,-274552186
0,187277.634497,Female,0-9,2006,0,135,-274552186
0,147.583847,Female,40-49,2023,0,135,-274552186
0,5159655.904175,Female,40-49,2014,0,135,-274552186
267,2154762.058864,Female,70-79,2019,0.12391159334816003,135,-274552186
117,2212881.648186,Female,40-49,2022,0.05287223566425716,135,-274552186
5,5124937.812457,Female,20-29,2016,9.756215944409475e-4,135,-274552186
0,1803232.804928,Female,70-79,2012,0,135,-274552186
0,4002960.563997,Female,10-19,2018,0,135,-274552186
0,5018321.344285,Female,20-29,2015,0,135,-274552186
0,1039128.180698,Female,60-69,2010,0,135,-274552186
0,3402089.100616,Female,0-9,2017,0,135,-274552186
0,858445.831622,Female,70-79,2008,0,135,-274552186
0,546038.55989,Female,60-69,2007,0,135,-274552186
0,715406.370979,Female,60-69,2008,0,135,-274552186
0,299.047228,Female,70-79,2023,0,135,-274552186
0,2517173.812457,Female,0-9,2021,0,135,-274552186
0,34.338125,Female,10-19,2023,0,135,-274552186
0,698681.533196,Female,0-9,2013,0,135,-274552186
0,4615280.388775,Female,60-69,2015,0,135,-274552186
0,781744.410678,Female,20-29,2009,0,135,-274552186
0,1075364.558522,Female,20-29,2011,0,135,-274552186
0,1639189.54141,Female,40-49,2013,0,135,-274552186
0,1479059.622177,Female,30-39,2013,0,135,-274552186
0,918144.142368,Female,20-29,2010,0,135,-274552186
740,4578987.882272,Female,60-69,2020,0.16160776552062572,135,-274552186
-5,4735954.275154,Female,20-29,2019,-0.001055753436267586,135,-274552186
0,1591196.418891,Female,10-19,2022,0,135,-274552186
0,551911.507187,Female,30-39,2007,0,135,-274552186
252,4497170.083504,Female,40-49,2021,0.05603523889931522,135,-274552186
0,2051382.767967,Female,70-79,2013,0,135,-274552186
711,4871585.075975,Female,60-69,2018,0.14594839029013576,135,-274552186
0,872944.835044,Female,40-49,2008,0,135,-274552186
0,4165898.532512,Female,60-69,2014,0,135,-274552186
0,4719239.052704,Female,20-29,2014,0,135,-274552186
0,1037274.918549,Female,70-79,2009,0,135,-274552186
0,854624.396988,Female,10-19,2012,0,135,-274552186
0,533754.669405,Female,0-9,2010,0,135,-274552186
0,405717.078713,Female,0-9,2008,0,135,-274552186
0,1181005.869952,Female,40-49,2010,0,135,-274552186
0,180.11499,Female,50-59,2023,0,135,-274552186
0,45.664613,Female,70-79,2006,0,135,-274552186
751,6265865.785079,Female,50-59,2018,0.11985574312625202,135,-274552186
62,5673249.377139,Female,30-39,2017,0.010928481347891388,135,-274552186
0,469706.31896,Female,20-29,2007,0,135,-274552186
0,1485626.412047,Female,60-69,2012,0,135,-274552186
0,3444573.374401,Female,0-9,2016,0,135,-274552186
624,6430155.967146,Female,50-59,2016,0.09704274720368253,135,-274552186
0,3325821.861739,Female,10-19,2021,0,135,-274552186
55,4763637.36345,Female,30-39,2020,0.011545799103432801,135,-274552186
0,4030561.697467,Female,10-19,2014,0,135,-274552186
219,1331427.288159,Female,80-89,2019,0.16448513707633042,135,-274552186
15,2172411.739904,Female,30-39,2022,0.0069047684306211944,135,-274552186
0,307.690623,Female,60-69,2023,0,135,-274552186
0,1762524.071184,Female,50-59,2012,0,135,-274552186
0,1102547.559206,Female,50-59,2009,0,135,-274552186
0,468161.185489,Female,0-9,2009,0,135,-274552186
0,191137.804244,Female,10-19,2006,0,135,-274552186
346,3732758.55989,Female,70-79,2016,0.09269284215644427,135,-274552186
283,5150582.329911,Female,40-49,2019,0.05494524344490774,135,-274552186
0,606199.025325,Female,0-9,2011,0,135,-274552186
0,3839354.201232,Female,10-19,2019,0,135,-274552186
0,667982.015058,Female,70-79,2007,0,135,-274552186
0,924593.801506,Female,50-59,2008,0,135,-274552186
0,1164950.004107,Female,30-39,2011,0,135,-274552186
0,8879.427789,Female,80-89,2016,0,135,-274552186
0,365603.312799,Female,10-19,2007,0,135,-274552186
767,4724797.136208,Female,60-69,2019,0.16233501204150627,135,-274552186
146,930369.516769,Female,70-79,2022,0.15692689557051567,135,-274552186
267,2077286.537988,Female,70-79,2020,0.12853306229895878,135,-274552186
0,26.49692,Female,0-9,2023,0,135,-274552186
0,1359791.655031,Female,40-49,2011,0,135,-274552186
54,5177126.349076,Female,30-39,2018,0.010430496835302809,135,-274552186
290,5935263.778234,Female,40-49,2017,0.04886050744088204,135,-274552186
213,1626519.268994,Female,80-89,2017,0.13095448917229258,135,-274552186
0,3309628.462697,Female,0-9,2014,0,135,-274552186
0,718896.451745,Female,50-59,2007,0,135,-274552186
0,1002852.339493,Female,30-39,2010,0,135,-274552186
69,4434308.388775,Female,30-39,2021,0.015560487442566346,135,-274552186
0,1247986.009582,Female,20-29,2012,0,135,-274552186
243,5472610.548939,Female,40-49,2016,0.04440294039324825,135,-274552186
0,871484.503765,Female,60-69,2009,0,135,-274552186
651,5157012.670773,Female,50-59,2021,0.12623587366567776,135,-274552186
193,1101117.689254,Female,80-89,2021,0.17527645035904946,135,-274552186
0,1537938.143737,Female,40-49,2012,0,135,-274552186
-5,2020670.168378,Female,20-29,2022,-0.0024744265928434623,135,-274552186
0,180.361396,Female,30-39,2023,0,135,-274552186
-5,5460176.971937,Female,20-29,2017,-9.157212349888813e-4,135,-274552186
732,5934897.352498,Female,50-59,2019,0.12333827470358877,135,-274552186
0,1521973.445585,Female,50-59,2011,0,135,-274552186
0,5438360.501027,Female,40-49,2015,0,135,-274552186
722,4244629.626283,Female,60-69,2021,0.17009729082823455,135,-274552186
0,756033.604381,Female,10-19,2011,0,135,-274552186
0,126.132786,Female,20-29,2023,0,135,-274552186
1234,4425414.735113,Male,40-49,2020,0.2788439217253365,135,-274552186
0,175265.820671,Male,10-19,2006,0,135,-274552186
200,4321268.33128,Male,30-39,2020,0.04628270791523797,135,-274552186
524,1798827.148528,Male,70-79,2020,0.29130091817259646,135,-274552186
0,1202879.893224,Male,60-69,2012,0,135,-274552186
0,964606.130048,Male,30-39,2013,0,135,-274552186
212,4576185.574264,Male,30-39,2018,0.046326792600428254,135,-274552186
0,1202975.011636,Male,40-49,2013,0,135,-274552186
0,840394.258727,Male,50-59,2009,0,135,-274552186
0,4730421.086927,Male,40-49,2015,0,135,-274552186
585,2933384.588638,Male,70-79,2016,0.1994283334909117,135,-274552186
0,1255188.002738,Male,0-9,2022,0,135,-274552186
0,1119352.413415,Male,70-79,2011,0,135,-274552186
0,349232.188912,Male,0-9,2007,0,135,-274552186
0,1166885.379877,Male,50-59,2011,0,135,-274552186
0,626553.489391,Male,40-49,2008,0,135,-274552186
0,804077.826146,Male,20-29,2012,0,135,-274552186
215,4892869.741273,Male,30-39,2017,0.04394149269628063,135,-274552186
0,266367.969884,Male,20-29,2007,0,135,-274552186
0,2655246.464066,Male,0-9,2021,0,135,-274552186
0,482009.122519,Male,40-49,2007,0,135,-274552186
0,660376.054757,Male,0-9,2011,0,135,-274552186
0,912517.316906,Male,70-79,2010,0,135,-274552186
0,769948.199863,Male,0-9,2013,0,135,-274552186
1313,2282939.066393,Male,50-59,2022,0.5751358060005144,135,-274552186
0,77.160849,Male,40-49,2023,0,135,-274552186
0,26.89117,Male,70-79,2006,0,135,-274552186
0,568665.97399,Male,20-29,2010,0,135,-274552186
0,4125543.214237,Male,10-19,2014,0,135,-274552186
0,3652833.500342,Male,0-9,2016,0,135,-274552186
127,391735.233402,Male,80-89,2022,0.3241985636499339,135,-274552186
0,1354499.323751,Male,70-79,2012,0,135,-274552186
10,1954184.930869,Male,20-29,2022,0.005117222961878604,135,-274552186
0,454405.54141,Male,10-19,2008,0,135,-274552186
3076,5363908.780287,Male,50-59,2019,0.5734623995293626,135,-274552186
228,4486432.506502,Male,30-39,2019,0.05081988855723765,135,-274552186
0,3608108.971937,Male,0-9,2017,0,135,-274552186
0,438682.277892,Male,0-9,2008,0,135,-274552186
0,4057097.697467,Male,30-39,2014,0,135,-274552186
0,33.366188,Male,0-9,2023,0,135,-274552186
0,648621.590691,Male,30-39,2010,0,135,-274552186
0,4001333.785079,Male,60-69,2015,0,135,-274552186
0,3186664.563997,Male,0-9,2018,0,135,-274552186
0,579559.947981,Male,0-9,2010,0,135,-274552186
0,619884.706366,Male,70-79,2008,0,135,-274552186
0,1125969.01848,Male,40-49,2012,0,135,-274552186
0,4099349.571526,Male,10-19,2018,0,135,-274552186
1182,4134657.429158,Male,40-49,2021,0.2858761627177195,135,-274552186
0,3704697.067762,Male,10-19,2020,0,135,-274552186
23,4426910.116359,Male,20-29,2019,0.0051954974000955785,135,-274552186
2887,5610495.5154,Male,50-59,2018,0.5145713051682516,135,-274552186
218,1019788.347707,Male,80-89,2018,0.21376984792008485,135,-274552186
0,740101.218344,Male,40-49,2009,0,135,-274552186
0,542314.732375,Male,10-19,2009,0,135,-274552186
0,2806494.425736,Male,70-79,2015,0,135,-274552186
2803,4722213.744011,Male,50-59,2021,0.593577536288978,135,-274552186
0,703026.707734,Male,50-59,2008,0,135,-274552186
0,896948.80219,Male,20-29,2013,0,135,-274552186
0,6435.27447,Male,80-89,2016,0,135,-274552186
0,4254467.49076,Male,10-19,2015,0,135,-274552186
0,3609119.189596,Male,60-69,2014,0,135,-274552186
0,2496989.519507,Male,70-79,2014,0,135,-274552186
963,4733757.05681,Male,40-49,2016,0.20343249314297293,135,-274552186
-5,3937956.873374,Male,10-19,2019,-0.0012696939455601637,135,-274552186
0,541858.370979,Male,50-59,2007,0,135,-274552186
0,348766.425736,Male,30-39,2007,0,135,-274552186
0,4316174.926762,Male,30-39,2015,0,135,-274552186
23,4384917.399042,Male,20-29,2016,0.005245252739544182,135,-274552186
2591,4156711.871321,Male,60-69,2020,0.6233292275744342,135,-274552186
0,840336.060233,Male,10-19,2012,0,135,-274552186
192,4401783.156742,Male,30-39,2016,0.04361868660111592,135,-274552186
598,1871819.841205,Male,70-79,2019,0.31947519031267047,135,-274552186
0,93.869952,Male,80-89,2023,0,135,-274552186
1251,5254901.700205,Male,40-49,2017,0.23806344464087634,135,-274552186
0,449322.086242,Male,60-69,2007,0,135,-274552186
0,855958.896646,Male,40-49,2010,0,135,-274552186
2552,4656643.33744,Male,60-69,2017,0.5480342416352995,135,-274552186
516,2083650.78987,Male,70-79,2017,0.2476422644853044,135,-274552186
1201,4658184.462697,Male,40-49,2019,0.2578257708808388,135,-274552186
16,3979370.255989,Male,20-29,2021,0.004020736692173795,135,-274552186
0,559613.338809,Male,30-39,2009,0,135,-274552186
0,4309727.378508,Male,20-29,2015,0,135,-274552186
0,737698.576318,Male,10-19,2011,0,135,-274552186
0,708579.071869,Male,60-69,2009,0,135,-274552186
0,1549713.787817,Male,70-79,2013,0,135,-274552186
0,177664.227242,Male,30-39,2006,0,135,-274552186
0,735211.526352,Male,0-9,2012,0,135,-274552186
295,802258.110883,Male,70-79,2022,0.3677120816831758,135,-274552186
0,3645374.069815,Male,0-9,2015,0,135,-274552186
0,987950.176591,Male,50-59,2010,0,135,-274552186
2926,6145339.058179,Male,50-59,2017,0.4761332079969951,135,-274552186
20,4916875.989049,Male,20-29,2017,0.004067623434990946,135,-274552186
0,1339063.893224,Male,60-69,2013,0,135,-274552186
0,753789.100616,Male,70-79,2009,0,135,-274552186
0,344255.657769,Male,10-19,2007,0,135,-274552186
2373,5607253.442847,Male,50-59,2016,0.4232018445727939,135,-274552186
247,950133.404517,Male,80-89,2019,0.25996349441641026,135,-274552186
0,1352674.537988,Male,50-59,2012,0,135,-274552186
0,3423507.017112,Male,10-19,2021,0,135,-274552186
0,634812.851472,Male,10-19,2010,0,135,-274552186
0,536453.308693,Male,60-69,2006,0,135,-274552186
93,2025618.398357,Male,30-39,2022,0.04591190526084936,135,-274552186
0,28.70089,Male,10-19,2023,0,135,-274552186
0,29.338809,Male,20-29,2023,0,135,-274552186
0,4536993.442847,Male,40-49,2014,0,135,-274552186
201,4091421.596167,Male,30-39,2021,0.04912717872641247,135,-274552186
1358,1952347.693361,Male,60-69,2022,0.6955728247677953,135,-274552186
0,679130.803559,Male,20-29,2011,0,135,-274552186
2645,4263317.590691,Male,60-69,2019,0.620408858532,135,-274552186
-5,1634460.243669,Male,10-19,2022,-0.0030591138691609355,135,-274552186
0,474374.96783,Male,20-29,2009,0,135,-274552186
0,876237.952088,Male,30-39,2012,0,135,-274552186
0,46.083504,Male,30-39,2023,0,135,-274552186
0,3509493.990418,Male,0-9,2014,0,135,-274552186
0,481735.19781,Male,70-79,2007,0,135,-274552186
0,140.837782,Male,50-59,2023,0,135,-274552186
25,4230153.607118,Male,20-29,2020,0.0059099508722172565,135,-274552186
0,1481299.134839,Male,50-59,2013,0,135,-274552186
0,507030.754278,Male,0-9,2009,0,135,-274552186
209,899789.462012,Male,80-89,2020,0.23227655893264137,135,-274552186
2897,5100357.106092,Male,50-59,2020,0.5679994439094759,135,-274552186
22,4540206.778919,Male,20-29,2018,0.004845594280452153,135,-274552186
1146,4835107.362081,Male,40-49,2018,0.23701645365466484,135,-274552186
2669,3881147.025325,Male,60-69,2021,0.6876833015045347,135,-274552186
0,754201.040383,Male,30-39,2011,0,135,-274552186
489,1940450.505133,Male,70-79,2018,0.25200333567203437,135,-274552186
0,4574647.47707,Male,10-19,2017,0,135,-274552186
0,305095.069131,Male,50-59,2006,0,135,-274552186
0,123912.065708,Male,20-29,2006,0,135,-274552186
187,1139272.695414,Male,80-89,2017,0.16413980669662773,135,-274552186
0,4131621.462012,Male,20-29,2014,0,135,-274552186
0,584829.664613,Male,60-69,2008,0,135,-274552186
0,466569.242984,Male,30-39,2008,0,135,-274552186
0,844285.527721,Male,60-69,2010,0,135,-274552186
0,4323880.711841,Male,10-19,2016,0,135,-274552186
230,792067.627652,Male,80-89,2021,0.2903792453705127,135,-274552186
0,5265105.190965,Male,50-59,2014,0,135,-274552186
0,1020777.470226,Male,60-69,2011,0,135,-274552186
0,3050060.936345,Male,0-9,2019,0,135,-274552186
498,2038815.542779,Male,40-49,2022,0.24425946808371046,135,-274552186
0,2871394.422998,Male,0-9,2020,0,135,-274552186
570,1615518.617385,Male,70-79,2021,0.35282787450796754,135,-274552186
0,379507.947981,Male,20-29,2008,0,135,-274552186
0,5575761.7330600005,Male,50-59,2015,0,135,-274552186
1838,4162741.831622,Male,60-69,2016,0.4415359093465157,135,-274552186
0,175.266256,Male,70-79,2023,0,135,-274552186
0,201744.865161,Male,0-9,2006,0,135,-274552186
0,907051.649555,Male,10-19,2013,0,135,-274552186
2416,4352222.444901,Male,60-69,2018,0.555118684898689,135,-274552186
0,991669.475702,Male,40-49,2011,0,135,-274552186
0,261444.290212,Male,40-49,2006,0,135,-274552186
0,204.459959,Male,60-69,2023,0,135,-274552186
0,7281.393566,No matching concept,30-39,2010,0,135,-274552186
0,9299.394935,No matching concept,30-39,2011,0,135,-274552186
0,371.534565,No matching concept,20-29,2022,0,135,-274552186
0,679.351129,No matching concept,0-9,2017,0,135,-274552186
0,10106.850103,No matching concept,50-59,2014,0,135,-274552186
0,754.255989,No matching concept,10-19,2019,0,135,-274552186
0,1886.565366,No matching concept,60-69,2019,0,135,-274552186
0,494.614648,No matching concept,0-9,2020,0,135,-274552186
0,1627.334702,No matching concept,30-39,2018,0,135,-274552186
0,2264.796715,No matching concept,10-19,2008,0,135,-274552186
0,3106.176591,No matching concept,20-29,2008,0,135,-274552186
0,3333.459274,No matching concept,60-69,2008,0,135,-274552186
0,9017.894593,No matching concept,50-59,2010,0,135,-274552186
0,8244.035592,No matching concept,20-29,2011,0,135,-274552186
0,2462.644764,No matching concept,50-59,2018,0,135,-274552186
0,-5,No matching concept,0-9,2023,0,135,-274552186
0,1725.746749,No matching concept,60-69,2020,0,135,-274552186
0,2226.387406,No matching concept,20-29,2016,0,135,-274552186
0,727.671458,No matching concept,20-29,2021,0,135,-274552186
0,160.689938,No matching concept,0-9,2022,0,135,-274552186
0,1055.701574,No matching concept,40-49,2020,0,135,-274552186
0,880.495551,No matching concept,30-39,2006,0,135,-274552186
0,5963.893224,No matching concept,10-19,2012,0,135,-274552186
0,1717.393566,No matching concept,40-49,2018,0,135,-274552186
0,10704.563997,No matching concept,60-69,2012,0,135,-274552186
0,1560.654346,No matching concept,70-79,2020,0,135,-274552186
0,1382.992471,No matching concept,60-69,2021,0,135,-274552186
0,634.858316,No matching concept,70-79,2022,0,135,-274552186
0,6528.80219,No matching concept,50-59,2009,0,135,-274552186
0,5165.645448,No matching concept,0-9,2012,0,135,-274552186
0,1844.898015,No matching concept,0-9,2008,0,135,-274552186
0,1301.308693,No matching concept,0-9,2007,0,135,-274552186
0,403.616701,No matching concept,0-9,2021,0,135,-274552186
0,2614.028747,No matching concept,40-49,2016,0,135,-274552186
0,947.340178,No matching concept,30-39,2020,0,135,-274552186
0,10357.54141,No matching concept,30-39,2013,0,135,-274552186
0,8786.214921,No matching concept,40-49,2014,0,135,-274552186
0,771.520876,No matching concept,20-29,2020,0,135,-274552186
0,406.231348,No matching concept,80-89,2022,0,135,-274552186
0,-5,No matching concept,80-89,2023,0,135,-274552186
0,7468.106776,No matching concept,30-39,2014,0,135,-274552186
0,2187.857632,No matching concept,30-39,2017,0,135,-274552186
0,879.345654,No matching concept,80-89,2021,0,135,-274552186
0,3930.814511,No matching concept,10-19,2014,0,135,-274552186
0,4168.243669,No matching concept,40-49,2008,0,135,-274552186
0,3342.031485,No matching concept,30-39,2015,0,135,-274552186
0,1314.269678,No matching concept,20-29,2018,0,135,-274552186
0,1256.544832,No matching concept,70-79,2021,0,135,-274552186
0,6328.462697,No matching concept,20-29,2010,0,135,-274552186
0,762.299795,No matching concept,20-29,2019,0,135,-274552186
0,4860.065708,No matching concept,0-9,2011,0,135,-274552186
0,824.780287,No matching concept,40-49,2021,0,135,-274552186
0,18003.099247,No matching concept,70-79,2012,0,135,-274552186
0,3116.208077,No matching concept,50-59,2017,0,135,-274552186
0,6966.220397,No matching concept,60-69,2010,0,135,-274552186
0,979.78371,No matching concept,30-39,2019,0,135,-274552186
0,1530.852841,No matching concept,50-59,2020,0,135,-274552186
0,1526.740589,No matching concept,10-19,2007,0,135,-274552186
0,1440.29295,No matching concept,10-19,2016,0,135,-274552186
0,2875.802875,No matching concept,80-89,2018,0,135,-274552186
0,2760.933607,No matching concept,40-49,2007,0,135,-274552186
0,6353.932923,No matching concept,40-49,2009,0,135,-274552186
0,18846.277892,No matching concept,70-79,2013,0,135,-274552186
0,1937.913758,No matching concept,20-29,2007,0,135,-274552186
0,15609.842574,No matching concept,70-79,2014,0,135,-274552186
0,3408.76386,No matching concept,50-59,2016,0,135,-274552186
0,5810.600958,No matching concept,10-19,2013,0,135,-274552186
0,-5,No matching concept,40-49,2023,0,135,-274552186
0,192.19165,No matching concept,10-19,2022,0,135,-274552186
0,7425.122519,No matching concept,70-79,2008,0,135,-274552186
0,1303.871321,No matching concept,50-59,2006,0,135,-274552186
0,766.63655,No matching concept,0-9,2016,0,135,-274552186
0,2666.431211,No matching concept,60-69,2018,0,135,-274552186
0,2134.302533,No matching concept,60-69,2007,0,135,-274552186
0,2403.991786,No matching concept,70-79,2017,0,135,-274552186
0,-5,No matching concept,80-89,2016,0,135,-274552186
0,574.094456,No matching concept,0-9,2018,0,135,-274552186
0,10335.66872,No matching concept,70-79,2009,0,135,-274552186
0,8910.455852,No matching concept,60-69,2014,0,135,-274552186
0,565.900068,No matching concept,10-19,2006,0,135,-274552186
0,3303.613963,No matching concept,30-39,2008,0,135,-274552186
0,1244.13963,No matching concept,40-49,2006,0,135,-274552186
0,1178.726899,No matching concept,50-59,2021,0,135,-274552186
0,2855.296372,No matching concept,50-59,2007,0,135,-274552186
0,508.54757,No matching concept,10-19,2021,0,135,-274552186
0,12868.698152,No matching concept,70-79,2010,0,135,-274552186
0,3098.398357,No matching concept,60-69,2017,0,135,-274552186
0,1068.150582,No matching concept,10-19,2018,0,135,-274552186
0,5038.841889,No matching concept,60-69,2009,0,135,-274552186
0,11573.420945,No matching concept,50-59,2011,0,135,-274552186
0,2387.383984,No matching concept,40-49,2017,0,135,-274552186
0,12050.346338,No matching concept,40-49,2013,0,135,-274552186
0,1718.507871,No matching concept,50-59,2019,0,135,-274552186
0,1888.429843,No matching concept,10-19,2015,0,135,-274552186
0,6074.327173,No matching concept,70-79,2016,0,135,-274552186
0,2673.396304,No matching concept,0-9,2009,0,135,-274552186
0,786.59822,No matching concept,30-39,2021,0,135,-274552186
0,5445.486653,No matching concept,10-19,2011,0,135,-274552186
0,4213.809719,No matching concept,10-19,2010,0,135,-274552186
0,3338.214921,No matching concept,60-69,2016,0,135,-274552186
0,9254.55989,No matching concept,20-29,2012,0,135,-274552186
0,1615.616701,No matching concept,70-79,2019,0,135,-274552186
0,1144.4846,No matching concept,40-49,2019,0,135,-274552186
0,4670.160164,No matching concept,0-9,2013,0,135,-274552186
0,3162.324435,No matching concept,10-19,2009,0,135,-274552186
0,2216.186174,No matching concept,70-79,2018,0,135,-274552186
0,3533.686516,No matching concept,80-89,2017,0,135,-274552186
0,3887.55373,No matching concept,40-49,2015,0,135,-274552186
0,3775.115674,No matching concept,0-9,2010,0,135,-274552186
0,3060.246407,No matching concept,20-29,2015,0,135,-274552186
0,672.243669,No matching concept,60-69,2022,0,135,-274552186
0,1363.433265,No matching concept,10-19,2017,0,135,-274552186
0,411.08282,No matching concept,40-49,2022,0,135,-274552186
0,1151.608487,No matching concept,0-9,2015,0,135,-274552186
0,452.919918,No matching concept,0-9,2019,0,135,-274552186
0,749.305955,No matching concept,20-29,2006,0,135,-274552186
0,6340.361396,No matching concept,20-29,2014,0,135,-274552186
0,11094.554415,No matching concept,40-49,2011,0,135,-274552186
0,1890.006845,No matching concept,20-29,2017,0,135,-274552186
0,-5,No matching concept,60-69,2023,0,135,-274552186
0,10931.74538,No matching concept,60-69,2013,0,135,-274552186
0,-5,No matching concept,30-39,2023,0,135,-274552186
0,3689.530459,No matching concept,60-69,2006,0,135,-274552186
0,398.291581,No matching concept,30-39,2022,0,135,-274552186
0,9144.851472,No matching concept,60-69,2011,0,135,-274552186
0,8724.33128,No matching concept,40-49,2010,0,135,-274552186
0,5183.874059,No matching concept,70-79,2007,0,135,-274552186
0,1362.655715,No matching concept,80-89,2020,0,135,-274552186
0,703.728953,No matching concept,10-19,2020,0,135,-274552186
0,-5,No matching concept,20-29,2023,0,135,-274552186
0,4578.721424,No matching concept,20-29,2009,0,135,-274552186
0,5129.94935,No matching concept,30-39,2009,0,135,-274552186
0,566.800821,No matching concept,50-59,2022,0,135,-274552186
0,631.107461,No matching concept,0-9,2006,0,135,-274552186
0,4288.194387,No matching concept,50-59,2008,0,135,-274552186
0,9110.959617,No matching concept,20-29,2013,0,135,-274552186
0,2131.301848,No matching concept,30-39,2007,0,135,-274552186
0,1893.924709,No matching concept,80-89,2019,0,135,-274552186
0,9652.421629,No matching concept,70-79,2015,0,135,-274552186
0,2376.941821,No matching concept,30-39,2016,0,135,-274552186
0,4941.831622,No matching concept,60-69,2015,0,135,-274552186
0,12209.368925,No matching concept,40-49,2012,0,135,-274552186
0,4948.50924,No matching concept,50-59,2015,0,135,-274552186
0,10441.64271,No matching concept,30-39,2012,0,135,-274552186
0,13047.285421,No matching concept,50-59,2012,0,135,-274552186
0,2872.361396,No matching concept,0-9,2014,0,135,-274552186
0,15476.769336,No matching concept,70-79,2011,0,135,-274552186
0,-5,No matching concept,50-59,2023,0,135,-274552186
0,-5,No matching concept,70-79,2023,0,135,-274552186
0,13215.616701,No matching concept,50-59,2013,0,135,-274552186
12225,690072505.730325,,,,0.017715529742866522,144,-274552186
2759,365221973.229299,Female,,,0.00755430998744373,144,-274552186
9466,324254549.234773,Male,,,0.02919311393576238,144,-274552186
0,595983.266253,No matching concept,,,0,144,-274552186
0,61506842.967832,,0-9,,0,144,-274552186
-5,76823822.083508,,10-19,,-6.508397869823461e-5,144,-274552186
38,88511255.129363,,20-29,,4.293239311143127e-4,144,-274552186
312,91900944.903488,,30-39,,0.0033949596527832696,144,-274552186
1820,98539842.119097,,40-49,,0.018469686584237834,144,-274552186
4525,114068840.605065,,50-59,,0.0396690277204332,144,-274552186
4056,89525935.112938,,60-69,,0.04530530728199945,144,-274552186
1016,56669820.424366,,70-79,,0.017928413966936736,144,-274552186
457,12525202.384668,,80-89,,0.036486436383607664,144,-274552186
0,29798181.201918,Female,0-9,,0,144,-274552186
-5,38068338.06434,Female,10-19,,-1.3134274450199028e-4,144,-274552186
-5,47383353.689256,Female,20-29,,-1.0552229022855619e-4,144,-274552186
60,49865168.881588,Female,30-39,,0.0012032446965632186,144,-274552186
349,52812840.279262,Female,40-49,,0.006608241445727389,144,-274552186
875,60895683.926077,Female,50-59,,0.014368834432702773,144,-274552186
911,47693778.182067,Female,60-69,,0.019101023964223047,144,-274552186
342,31392511.583847,Female,70-79,,0.01089431787216337,144,-274552186
218,7312117.420944,Female,80-89,,0.0298135256110064,144,-274552186
0,31676184.10404,Male,0-9,,0,144,-274552186
0,38714680.621494,Male,10-19,,0,144,-274552186
35,41067126.663926,Male,20-29,,8.522631808751437e-4,144,-274552186
252,41966836.221764,Male,30-39,,0.006004741426500786,144,-274552186
1471,45645567.118412,Male,40-49,,0.032226568599399534,144,-274552186
3650,53082287.619440004,Male,50-59,,0.06876116617595213,144,-274552186
3145,41751589.973992996,Male,60-69,,0.07532647264353323,144,-274552186
674,25148144.780287,Male,70-79,,0.026801181792476862,144,-274552186
239,5202132.131417,Male,80-89,,0.04594270079312637,144,-274552186
0,32477.661874,No matching concept,0-9,,0,144,-274552186
0,40803.397674,No matching concept,10-19,,0,144,-274552186
0,60774.776181,No matching concept,20-29,,0,144,-274552186
0,68939.800136,No matching concept,30-39,,0,144,-274552186
0,81434.721423,No matching concept,40-49,,0,144,-274552186
0,90869.059548,No matching concept,50-59,,0,144,-274552186
0,80566.956878,No matching concept,60-69,,0,144,-274552186
0,129164.06023199999,No matching concept,70-79,,0,144,-274552186
0,10952.832307,No matching concept,80-89,,0,144,-274552186
0,4204040.733745,,,2006,0,144,-274552186
0,7613096.580426,,,2007,0,144,-274552186
0,9920822.997946,,,2008,0,144,-274552186
0,11887460.156059,,,2009,0,144,-274552186
0,13953039.674194999,,,2010,0,144,-274552186
0,16444502.321699,,,2011,0,144,-274552186
0,19087612.848732,,,2012,0,144,-274552186
0,20932038.225873,,,2013,0,144,-274552186
0,67206436.391512,,,2014,0,144,-274552186
0,71487261.765916,,,2015,0,144,-274552186
1471,72774888.930868,,,2016,0.020213016077528696,144,-274552186
1845,78484208.70088801,,,2017,0.023507913636888395,144,-274552186
1910,71516499.282682,,,2018,0.026707123798808675,144,-274552186
2085,68792092.848734,,,2019,0.0303087159244403,144,-274552186
2047,65502679.548257,,,2020,0.031250629960747456,144,-274552186
1994,60618643.115675,,,2021,0.03289417079486531,144,-274552186
873,29644858.841888,,,2022,0.02944861382731418,144,-274552186
0,2322.76523,,,2023,0,144,-274552186
0,389653.607119,,0-9,2006,0,144,-274552186
0,674574.091719,,0-9,2007,0,144,-274552186
0,846244.25462,,0-9,2008,0,144,-274552186
0,977865.336071,,0-9,2009,0,144,-274552186
0,1117089.73306,,0-9,2010,0,144,-274552186
0,1271435.14579,,0-9,2011,0,144,-274552186
0,1411226.992471,,0-9,2012,0,144,-274552186
0,1473299.893223,,0-9,2013,0,144,-274552186
0,6821994.814511,,0-9,2014,0,144,-274552186
0,7086739.665982,,0-9,2015,0,144,-274552186
0,7098173.511293,,0-9,2016,0,144,-274552186
0,7010877.423682,,0-9,2017,0,144,-274552186
0,6192638.097194,,0-9,2018,0,144,-274552186
0,5930317.021219,,0-9,2019,0,144,-274552186
0,5588324.862424,,0-9,2020,0,144,-274552186
0,5172823.893224,,0-9,2021,0,144,-274552186
0,2443504.689938,,0-9,2022,0,144,-274552186
0,59.934292,,0-9,2023,0,144,-274552186
0,366969.524983,,10-19,2006,0,144,-274552186
0,711385.711157,,10-19,2007,0,144,-274552186
0,935193.199179,,10-19,2008,0,144,-274552186
0,1110967.340178,,10-19,2009,0,144,-274552186
0,1294942.8637919999,,10-19,2010,0,144,-274552186
0,1499177.667352,,10-19,2011,0,144,-274552186
0,1700924.350445,,10-19,2012,0,144,-274552186
0,1827065.169062,,10-19,2013,0,144,-274552186
0,8160035.726215,,10-19,2014,0,144,-274552186
0,8432858.735114,,10-19,2015,0,144,-274552186
-5,8568024.347707,,10-19,2016,-5.835651017189412e-4,144,-274552186
0,9043842.573579,,10-19,2017,0,144,-274552186
0,8103378.2861049995,,10-19,2018,0,144,-274552186
0,7778065.9466119995,,10-19,2019,0,144,-274552186
0,7315241.240247,,10-19,2020,0,144,-274552186
0,6749837.426421,,10-19,2021,0,144,-274552186
0,3225848.9363450003,,10-19,2022,0,144,-274552186
0,63.039015,,10-19,2023,0,144,-274552186
0,364839.06639299996,,20-29,2006,0,144,-274552186
0,738012.202602,,20-29,2007,0,144,-274552186
0,1021897.984942,,20-29,2008,0,144,-274552186
0,1260698.099932,,20-29,2009,0,144,-274552186
0,1493138.5790549999,,20-29,2010,0,144,-274552186
0,1762739.397673,,20-29,2011,0,144,-274552186
0,2061318.395618,,20-29,2012,0,144,-274552186
0,2272163.509925,,20-29,2013,0,144,-274552186
0,8857200.876112,,20-29,2014,0,144,-274552186
0,9331108.9692,,20-29,2015,0,144,-274552186
6,9512091.493498,,20-29,2016,6.307761026164757e-4,144,-274552186
-5,10378965.075976001,,20-29,2017,-4.8174360000241334e-4,144,-274552186
-5,9472405.828884,,20-29,2018,-5.278490058727857e-4,144,-274552186
9,9163663.534565,,20-29,2019,9.821399450178777e-4,144,-274552186
7,8713096.043805001,,20-29,2020,8.033883667536283e-4,144,-274552186
-5,8132519.5592060005,,20-29,2021,-6.148156132425169e-4,144,-274552186
-5,3975240.698151,,20-29,2022,-0.001257785472544001,144,-274552186
0,155.813826,,20-29,2023,0,144,-274552186
0,473832.569473,,30-39,2006,0,144,-274552186
0,902809.234771,,30-39,2007,0,144,-274552186
0,1192587.132101,,30-39,2008,0,144,-274552186
0,1430173.779603,,30-39,2009,0,144,-274552186
0,1658755.32375,,30-39,2010,0,144,-274552186
0,1928450.4394250002,,30-39,2011,0,144,-274552186
0,2234834.587269,,30-39,2012,0,144,-274552186
0,2454023.293635,,30-39,2013,0,144,-274552186
0,8832782.852839999,,30-39,2014,0,144,-274552186
0,9472706.146474,,30-39,2015,0,144,-274552186
43,9693975.805613,,30-39,2016,0.004435744514144771,144,-274552186
39,10568541.560575001,,30-39,2017,0.0036901969658222297,144,-274552186
40,9755255.498972999,,30-39,2018,0.004100353907102799,144,-274552186
72,9490128.473648,,30-39,2019,0.007586830905390603,144,-274552186
52,9086275.091034,,30-39,2020,0.005722917199734759,144,-274552186
47,8526956.988364,,30-39,2021,0.005511931168896106,144,-274552186
19,4198629.500342,,30-39,2022,0.004525286167415427,144,-274552186
0,226.62559800000002,,30-39,2023,0,144,-274552186
0,647897.169062,,40-49,2006,0,144,-274552186
0,1170309.185489,,40-49,2007,0,144,-274552186
0,1503666.568104,,40-49,2008,0,144,-274552186
0,1771782.8747440001,,40-49,2009,0,144,-274552186
0,2045689.097878,,40-49,2010,0,144,-274552186
0,2362555.685148,,40-49,2011,0,144,-274552186
0,2676116.531142,,40-49,2012,0,144,-274552186
0,2854214.899384,,40-49,2013,0,144,-274552186
0,9705435.561943,,40-49,2014,0,144,-274552186
0,10172669.141684001,,40-49,2015,0,144,-274552186
235,10209450.527036,,40-49,2016,0.02301788909968155,144,-274552186
292,11193781.546886,,40-49,2017,0.026085911966115823,144,-274552186
287,10232542.677617999,,40-49,2018,0.02804776965433677,144,-274552186
292,9812233.883642,,40-49,2019,0.02975876884536904,144,-274552186
310,9292204.287473999,,40-49,2020,0.03336129839696741,144,-274552186
280,8635520.851471,,40-49,2021,0.032424216768847706,144,-274552186
124,4253546.639289,,40-49,2022,0.029152143026866438,144,-274552186
0,224.99110299999998,,40-49,2023,0,144,-274552186
0,716410.0095830001,,50-59,2006,0,144,-274552186
0,1263610.119096,,50-59,2007,0,144,-274552186
0,1631908.703627,,50-59,2008,0,144,-274552186
0,1949470.6201230001,,50-59,2009,0,144,-274552186
0,2289668.731006,,50-59,2010,0,144,-274552186
0,2700432.2464070003,,50-59,2011,0,144,-274552186
0,3128245.894593,,50-59,2012,0,144,-274552186
0,3421196.427105,,50-59,2013,0,144,-274552186
0,11276803.581108999,,50-59,2014,0,144,-274552186
0,11967295.438741,,50-59,2015,0,144,-274552186
564,12041993.716632,,50-59,2016,0.046836098180405294,144,-274552186
689,13094764.580425,,50-59,2017,0.05261644802915869,144,-274552186
744,11883695.419576,,50-59,2018,0.06260678801767415,144,-274552186
747,11307065.459274,,50-59,2019,0.06606488683474582,144,-274552186
748,10724416.106777,,50-59,2020,0.06974738694886354,144,-274552186
742,9889078.617385,,50-59,2021,0.07503226829399091,144,-274552186
291,4782463.1266250005,,50-59,2022,0.060847306564673846,144,-274552186
0,321.806981,,50-59,2023,0,144,-274552186
0,1244366.231349,,60-69,2006,0,144,-274552186
0,997494.948665,,60-69,2007,0,144,-274552186
0,1303569.494866,,60-69,2008,0,144,-274552186
0,1585102.417523,,60-69,2009,0,144,-274552186
0,1890379.928816,,60-69,2010,0,144,-274552186
0,2284749.927447,,60-69,2011,0,144,-274552186
0,2699210.869268,,60-69,2012,0,144,-274552186
0,3010132.1998630003,,60-69,2013,0,144,-274552186
0,7783928.17796,,60-69,2014,0,144,-274552186
0,8621556.005476,,60-69,2015,0,144,-274552186
464,8963262.918548001,,60-69,2016,0.051766862605338526,144,-274552186
608,9936563.022587,,60-69,2017,0.06118815918723034,144,-274552186
620,9231036.610539999,,60-69,2018,0.06716472116382725,144,-274552186
721,8996382.220397001,,60-69,2019,0.08014332676587667,144,-274552186
681,8745545.374402,,60-69,2020,0.07786821414171272,144,-274552186
659,8136597.650924999,,60-69,2021,0.08099208394863698,144,-274552186
303,4095544.290213,,60-69,2022,0.07398284050402533,144,-274552186
0,512.824093,,60-69,2023,0,144,-274552186
0,72.555783,,70-79,2006,0,144,-274552186
0,1154901.086927,,70-79,2007,0,144,-274552186
0,1485755.660507,,70-79,2008,0,144,-274552186
0,1801399.6878850001,,70-79,2009,0,144,-274552186
0,2163375.416838,,70-79,2010,0,144,-274552186
0,2634961.812457,,70-79,2011,0,144,-274552186
0,3175735.227926,,70-79,2012,0,144,-274552186
0,3619942.8336759997,,70-79,2013,0,144,-274552186
0,5768254.800822,,70-79,2014,0,144,-274552186
0,6402327.663245,,70-79,2015,0,144,-274552186
158,6672601.242984,,70-79,2016,0.023678921345124785,144,-274552186
147,4487167.466118,,70-79,2017,0.03276008776360082,144,-274552186
136,4178711.9425049997,,70-79,2018,0.03254591411689232,144,-274552186
160,4029859.901437,,70-79,2019,0.039703613503523014,144,-274552186
154,3879767.709788,,70-79,2020,0.03969309802014279,144,-274552186
173,3479818.984257,,70-79,2021,0.049715229666447265,144,-274552186
88,1734692.010951,,70-79,2022,0.05072946635164145,144,-274552186
0,474.42026000000004,,70-79,2023,0,144,-274552186
0,15315.367557,,80-89,2016,0,144,-274552186
66,2769705.45106,,80-89,2017,0.02382924869312042,144,-274552186
79,2466834.921287,,80-89,2018,0.03202484256984007,144,-274552186
84,2284376.40794,,80-89,2019,0.036771523164060925,144,-274552186
95,2157808.832306,,80-89,2020,0.04402614289907958,144,-274552186
89,1895489.144422,,80-89,2021,0.046953579376546185,144,-274552186
44,935388.950034,,80-89,2022,0.04703925570042351,144,-274552186
0,283.310062,,80-89,2023,0,144,-274552186
0,2413369.845312,Female,,2006,0,144,-274552186
0,4329717.889116,Female,,2007,0,144,-274552186
0,5617628.914442,Female,,2008,0,144,-274552186
0,6717461.075976,Female,,2009,0,144,-274552186
0,7861491.466119,Female,,2010,0,144,-274552186
0,9239272.528406,Female,,2011,0,144,-274552186
0,10710936.651608,Female,,2012,0,144,-274552186
0,11735438.368241,Female,,2013,0,144,-274552186
0,35410447.676934,Female,,2014,0,144,-274552186
0,37814634.236826,Female,,2015,0,144,-274552186
329,38543310.362765,Female,,2016,0.008535852185593079,144,-274552186
387,41184653.426419005,Female,,2017,0.009396704058501277,144,-274552186
436,37329078.584532,Female,,2018,0.0116799025460185,144,-274552186
468,35758053.295003,Female,,2019,0.013087960805332782,144,-274552186
461,33966426.70226,Female,,2020,0.01357222542250306,144,-274552186
478,31295765.727584,Female,,2021,0.015273631716213038,144,-274552186
200,15292795.718002,Female,,2022,0.013078053463080585,144,-274552186
0,1490.759754,Female,,2023,0,144,-274552186
0,1781606.537988,Male,,2006,0,144,-274552186
0,3263547.019851,Male,,2007,0,144,-274552186
0,4273459.5783710005,Male,,2008,0,144,-274552186
0,5126197.442848,Male,,2009,0,144,-274552186
0,6032372.281998,Male,,2010,0,144,-274552186
0,7130091.214237,Male,,2011,0,144,-274552186
0,8291886.138262,Male,,2012,0,144,-274552186
0,9111606.609172,Male,,2013,0,144,-274552186
0,31731963.707049,Male,,2014,0,144,-274552186
0,33639754.896647,Male,,2015,0,144,-274552186
1142,34209332.309377,Male,,2016,0.03338270357550856,144,-274552186
1458,37278894.956878,Male,,2017,0.03911060136537114,144,-274552186
1474,34170898.390142,Male,,2018,0.043136120776538785,144,-274552186
1617,33022831.195072,Male,,2019,0.04896612257283697,144,-274552186
1586,31526100.030117,Male,,2020,0.05030752292496973,144,-274552186
1516,29314928.563999,Male,,2021,0.051714265538472616,144,-274552186
673,14348249.199177999,Male,,2022,0.046904677404024715,144,-274552186
0,829.163587,Male,,2023,0,144,-274552186
0,9064.350445,No matching concept,,2006,0,144,-274552186
0,19831.671459,No matching concept,,2007,0,144,-274552186
0,29734.505133,No matching concept,,2008,0,144,-274552186
0,43801.637235,No matching concept,,2009,0,144,-274552186
0,59175.926078000004,No matching concept,,2010,0,144,-274552186
0,75138.579056,No matching concept,,2011,0,144,-274552186
0,84790.058862,No matching concept,,2012,0,144,-274552186
0,84993.24846,No matching concept,,2013,0,144,-274552186
0,64025.007529,No matching concept,,2014,0,144,-274552186
0,32872.632443,No matching concept,,2015,0,144,-274552186
0,22246.258726,No matching concept,,2016,0,144,-274552186
0,20660.317591,No matching concept,,2017,0,144,-274552186
0,16522.308008,No matching concept,,2018,0,144,-274552186
0,11208.358659,No matching concept,,2019,0,144,-274552186
0,10152.81588,No matching concept,,2020,0,144,-274552186
0,7948.824092,No matching concept,,2021,0,144,-274552186
0,3813.924708,No matching concept,,2022,0,144,-274552186
0,-5,No matching concept,,2023,0,144,-274552186
0,3887.55373,No matching concept,40-49,2015,0,144,-274552186
0,3533.686516,No matching concept,80-89,2017,0,144,-274552186
0,3775.115674,No matching concept,0-9,2010,0,144,-274552186
0,2855.296372,No matching concept,50-59,2007,0,144,-274552186
0,508.54757,No matching concept,10-19,2021,0,144,-274552186
0,18003.099247,No matching concept,70-79,2012,0,144,-274552186
0,3116.208077,No matching concept,50-59,2017,0,144,-274552186
0,4670.160164,No matching concept,0-9,2013,0,144,-274552186
0,4288.194387,No matching concept,50-59,2008,0,144,-274552186
0,9110.959617,No matching concept,20-29,2013,0,144,-274552186
0,2131.301848,No matching concept,30-39,2007,0,144,-274552186
0,565.900068,No matching concept,10-19,2006,0,144,-274552186
0,3303.613963,No matching concept,30-39,2008,0,144,-274552186
0,10357.54141,No matching concept,30-39,2013,0,144,-274552186
0,2614.028747,No matching concept,40-49,2016,0,144,-274552186
0,947.340178,No matching concept,30-39,2020,0,144,-274552186
0,10106.850103,No matching concept,50-59,2014,0,144,-274552186
0,754.255989,No matching concept,10-19,2019,0,144,-274552186
0,1314.269678,No matching concept,20-29,2018,0,144,-274552186
0,18846.277892,No matching concept,70-79,2013,0,144,-274552186
0,1937.913758,No matching concept,20-29,2007,0,144,-274552186
0,411.08282,No matching concept,40-49,2022,0,144,-274552186
0,1363.433265,No matching concept,10-19,2017,0,144,-274552186
0,1151.608487,No matching concept,0-9,2015,0,144,-274552186
0,452.919918,No matching concept,0-9,2019,0,144,-274552186
0,5963.893224,No matching concept,10-19,2012,0,144,-274552186
0,1717.393566,No matching concept,40-49,2018,0,144,-274552186
0,3689.530459,No matching concept,60-69,2006,0,144,-274552186
0,398.291581,No matching concept,30-39,2022,0,144,-274552186
0,9144.851472,No matching concept,60-69,2011,0,144,-274552186
0,13215.616701,No matching concept,50-59,2013,0,144,-274552186
0,880.495551,No matching concept,30-39,2006,0,144,-274552186
0,9299.394935,No matching concept,30-39,2011,0,144,-274552186
0,7281.393566,No matching concept,30-39,2010,0,144,-274552186
0,371.534565,No matching concept,20-29,2022,0,144,-274552186
0,679.351129,No matching concept,0-9,2017,0,144,-274552186
0,1526.740589,No matching concept,10-19,2007,0,144,-274552186
0,1530.852841,No matching concept,50-59,2020,0,144,-274552186
0,1440.29295,No matching concept,10-19,2016,0,144,-274552186
0,12868.698152,No matching concept,70-79,2010,0,144,-274552186
0,1890.006845,No matching concept,20-29,2017,0,144,-274552186
0,11094.554415,No matching concept,40-49,2011,0,144,-274552186
0,1244.13963,No matching concept,40-49,2006,0,144,-274552186
0,1178.726899,No matching concept,50-59,2021,0,144,-274552186
0,10704.563997,No matching concept,60-69,2012,0,144,-274552186
0,1560.654346,No matching concept,70-79,2020,0,144,-274552186
0,1382.992471,No matching concept,60-69,2021,0,144,-274552186
0,634.858316,No matching concept,70-79,2022,0,144,-274552186
0,10931.74538,No matching concept,60-69,2013,0,144,-274552186
0,-5,No matching concept,30-39,2023,0,144,-274552186
0,5445.486653,No matching concept,10-19,2011,0,144,-274552186
0,1615.616701,No matching concept,70-79,2019,0,144,-274552186
0,9254.55989,No matching concept,20-29,2012,0,144,-274552186
0,4213.809719,No matching concept,10-19,2010,0,144,-274552186
0,1144.4846,No matching concept,40-49,2019,0,144,-274552186
0,3338.214921,No matching concept,60-69,2016,0,144,-274552186
0,9652.421629,No matching concept,70-79,2015,0,144,-274552186
0,4941.831622,No matching concept,60-69,2015,0,144,-274552186
0,12209.368925,No matching concept,40-49,2012,0,144,-274552186
0,2376.941821,No matching concept,30-39,2016,0,144,-274552186
0,1893.924709,No matching concept,80-89,2019,0,144,-274552186
0,8724.33128,No matching concept,40-49,2010,0,144,-274552186
0,574.094456,No matching concept,0-9,2018,0,144,-274552186
0,4168.243669,No matching concept,40-49,2008,0,144,-274552186
0,3342.031485,No matching concept,30-39,2015,0,144,-274552186
0,566.800821,No matching concept,50-59,2022,0,144,-274552186
0,5129.94935,No matching concept,30-39,2009,0,144,-274552186
0,631.107461,No matching concept,0-9,2006,0,144,-274552186
0,4578.721424,No matching concept,20-29,2009,0,144,-274552186
0,5183.874059,No matching concept,70-79,2007,0,144,-274552186
0,703.728953,No matching concept,10-19,2020,0,144,-274552186
0,1362.655715,No matching concept,80-89,2020,0,144,-274552186
0,-5,No matching concept,20-29,2023,0,144,-274552186
0,3333.459274,No matching concept,60-69,2008,0,144,-274552186
0,2264.796715,No matching concept,10-19,2008,0,144,-274552186
0,3106.176591,No matching concept,20-29,2008,0,144,-274552186
0,10441.64271,No matching concept,30-39,2012,0,144,-274552186
0,2872.361396,No matching concept,0-9,2014,0,144,-274552186
0,13047.285421,No matching concept,50-59,2012,0,144,-274552186
0,4948.50924,No matching concept,50-59,2015,0,144,-274552186
0,12050.346338,No matching concept,40-49,2013,0,144,-274552186
0,1718.507871,No matching concept,50-59,2019,0,144,-274552186
0,1888.429843,No matching concept,10-19,2015,0,144,-274552186
0,6074.327173,No matching concept,70-79,2016,0,144,-274552186
0,6328.462697,No matching concept,20-29,2010,0,144,-274552186
0,1256.544832,No matching concept,70-79,2021,0,144,-274552186
0,762.299795,No matching concept,20-29,2019,0,144,-274552186
0,2387.383984,No matching concept,40-49,2017,0,144,-274552186
0,11573.420945,No matching concept,50-59,2011,0,144,-274552186
0,8786.214921,No matching concept,40-49,2014,0,144,-274552186
0,771.520876,No matching concept,20-29,2020,0,144,-274552186
0,406.231348,No matching concept,80-89,2022,0,144,-274552186
0,-5,No matching concept,80-89,2023,0,144,-274552186
0,15609.842574,No matching concept,70-79,2014,0,144,-274552186
0,5810.600958,No matching concept,10-19,2013,0,144,-274552186
0,3408.76386,No matching concept,50-59,2016,0,144,-274552186
0,-5,No matching concept,40-49,2023,0,144,-274552186
0,2226.387406,No matching concept,20-29,2016,0,144,-274552186
0,1725.746749,No matching concept,60-69,2020,0,144,-274552186
0,160.689938,No matching concept,0-9,2022,0,144,-274552186
0,727.671458,No matching concept,20-29,2021,0,144,-274552186
0,1055.701574,No matching concept,40-49,2020,0,144,-274552186
0,10335.66872,No matching concept,70-79,2009,0,144,-274552186
0,8910.455852,No matching concept,60-69,2014,0,144,-274552186
0,3930.814511,No matching concept,10-19,2014,0,144,-274552186
0,879.345654,No matching concept,80-89,2021,0,144,-274552186
0,-5,No matching concept,60-69,2023,0,144,-274552186
0,2760.933607,No matching concept,40-49,2007,0,144,-274552186
0,6353.932923,No matching concept,40-49,2009,0,144,-274552186
0,2875.802875,No matching concept,80-89,2018,0,144,-274552186
0,786.59822,No matching concept,30-39,2021,0,144,-274552186
0,2403.991786,No matching concept,70-79,2017,0,144,-274552186
0,2666.431211,No matching concept,60-69,2018,0,144,-274552186
0,2134.302533,No matching concept,60-69,2007,0,144,-274552186
0,-5,No matching concept,80-89,2016,0,144,-274552186
0,2216.186174,No matching concept,70-79,2018,0,144,-274552186
0,3162.324435,No matching concept,10-19,2009,0,144,-274552186
0,766.63655,No matching concept,0-9,2016,0,144,-274552186
0,7425.122519,No matching concept,70-79,2008,0,144,-274552186
0,1303.871321,No matching concept,50-59,2006,0,144,-274552186
0,2673.396304,No matching concept,0-9,2009,0,144,-274552186
0,6966.220397,No matching concept,60-69,2010,0,144,-274552186
0,979.78371,No matching concept,30-39,2019,0,144,-274552186
0,15476.769336,No matching concept,70-79,2011,0,144,-274552186
0,-5,No matching concept,50-59,2023,0,144,-274552186
0,-5,No matching concept,70-79,2023,0,144,-274552186
0,7468.106776,No matching concept,30-39,2014,0,144,-274552186
0,2187.857632,No matching concept,30-39,2017,0,144,-274552186
0,9017.894593,No matching concept,50-59,2010,0,144,-274552186
0,8244.035592,No matching concept,20-29,2011,0,144,-274552186
0,2462.644764,No matching concept,50-59,2018,0,144,-274552186
0,-5,No matching concept,0-9,2023,0,144,-274552186
0,192.19165,No matching concept,10-19,2022,0,144,-274552186
0,1068.150582,No matching concept,10-19,2018,0,144,-274552186
0,5038.841889,No matching concept,60-69,2009,0,144,-274552186
0,1886.565366,No matching concept,60-69,2019,0,144,-274552186
0,494.614648,No matching concept,0-9,2020,0,144,-274552186
0,1627.334702,No matching concept,30-39,2018,0,144,-274552186
0,824.780287,No matching concept,40-49,2021,0,144,-274552186
0,4860.065708,No matching concept,0-9,2011,0,144,-274552186
0,6340.361396,No matching concept,20-29,2014,0,144,-274552186
0,749.305955,No matching concept,20-29,2006,0,144,-274552186
0,3060.246407,No matching concept,20-29,2015,0,144,-274552186
0,672.243669,No matching concept,60-69,2022,0,144,-274552186
0,6528.80219,No matching concept,50-59,2009,0,144,-274552186
0,1844.898015,No matching concept,0-9,2008,0,144,-274552186
0,1301.308693,No matching concept,0-9,2007,0,144,-274552186
0,5165.645448,No matching concept,0-9,2012,0,144,-274552186
0,403.616701,No matching concept,0-9,2021,0,144,-274552186
0,3098.398357,No matching concept,60-69,2017,0,144,-274552186
0,3005399.438741,Female,0-9,2018,0,144,-274552186
0,1366103.748118,Female,20-29,2013,0,144,-274552186
0,4482146.379192,Female,20-29,2020,0,144,-274552186
0,1926681.675565,Female,50-59,2013,0,144,-274552186
52,5472702.223135,Female,40-49,2016,0.009501704620466662,144,-274552186
39,1101790.699521,Female,80-89,2021,0.03539692249803445,144,-274552186
0,871484.503765,Female,60-69,2009,0,144,-274552186
156,5158652.451745,Female,50-59,2021,0.03024045551803561,144,-274552186
0,1002852.339493,Female,30-39,2010,0,144,-274552186
9,4434399.575633,Female,30-39,2021,0.002029587060547035,144,-274552186
0,1247986.009582,Female,20-29,2012,0,144,-274552186
62,1861288.17796,Female,70-79,2021,0.033310263684129204,144,-274552186
0,3609839.778234,Female,10-19,2020,0,144,-274552186
161,4726183.66872,Female,60-69,2019,0.03406554025091536,144,-274552186
0,1102547.559206,Female,50-59,2009,0,144,-274552186
0,1762524.071184,Female,50-59,2012,0,144,-274552186
0,468161.185489,Female,0-9,2009,0,144,-274552186
7,5673299.882272,Female,30-39,2017,0.0012338498132054836,144,-274552186
0,469706.31896,Female,20-29,2007,0,144,-274552186
147,6266858.715948,Female,50-59,2018,0.023456727949827897,144,-274552186
0,722714.275154,Female,30-39,2008,0,144,-274552186
53,4863511.252567,Female,40-49,2020,0.01089747658587737,144,-274552186
0,1348154.992471,Female,30-39,2012,0,144,-274552186
0,1254827.605749,Female,60-69,2011,0,144,-274552186
0,1025327.723477,Female,40-49,2009,0,144,-274552186
0,4030561.697467,Female,10-19,2014,0,144,-274552186
5,2172454.61191,Female,30-39,2022,0.002301544056473544,144,-274552186
45,1331877.136208,Female,80-89,2019,0.0337869002903075,144,-274552186
0,307.723477,Female,60-69,2023,0,144,-274552186
-5,2020672.383299,Female,20-29,2022,-0.0024744238805485506,144,-274552186
0,1537938.143737,Female,40-49,2012,0,144,-274552186
0,180.361396,Female,30-39,2023,0,144,-274552186
0,5460181.8398360005,Female,20-29,2017,0,144,-274552186
0,4719239.052704,Female,20-29,2014,0,144,-274552186
0,854624.396988,Female,10-19,2012,0,144,-274552186
0,4165898.532512,Female,60-69,2014,0,144,-274552186
0,1037274.918549,Female,70-79,2009,0,144,-274552186
0,872944.835044,Female,40-49,2008,0,144,-274552186
0,2051382.767967,Female,70-79,2013,0,144,-274552186
0,865430.491444,Female,30-39,2009,0,144,-274552186
9,5289739.969884,Female,30-39,2016,0.0017014068841265488,144,-274552186
0,565490.283368,Female,10-19,2009,0,144,-274552186
0,385208.73922,Female,40-49,2006,0,144,-274552186
56,5394206.477755,Female,40-49,2018,0.010381508425926344,144,-274552186
0,410011.069131,Female,50-59,2006,0,144,-274552186
32,930760.919918,Female,70-79,2022,0.03438047227296479,144,-274552186
49,2077884.281999,Female,70-79,2020,0.02358167893394921,144,-274552186
0,26.49692,Female,0-9,2023,0,144,-274552186
50,5935494.757016,Female,40-49,2017,0.008423897593523763,144,-274552186
33,1626708.451745,Female,80-89,2017,0.020286364138945915,144,-274552186
5,5177195.271732,Female,30-39,2018,9.657738867414363e-4,144,-274552186
0,1359791.655031,Female,40-49,2011,0,144,-274552186
0,3309628.462697,Female,0-9,2014,0,144,-274552186
0,718896.451745,Female,50-59,2007,0,144,-274552186
0,2716435.824778,Female,0-9,2020,0,144,-274552186
0,533754.669405,Female,0-9,2010,0,144,-274552186
0,405717.078713,Female,0-9,2008,0,144,-274552186
0,3444573.374401,Female,0-9,2016,0,144,-274552186
0,1485626.412047,Female,60-69,2012,0,144,-274552186
53,2495303.315537,Female,50-59,2022,0.02123990284868201,144,-274552186
0,6001591.540041,Female,50-59,2014,0,144,-274552186
0,704223.392197,Female,60-69,2006,0,144,-274552186
0,639283.86037,Female,20-29,2008,0,144,-274552186
0,1479059.622177,Female,30-39,2013,0,144,-274552186
0,918144.142368,Female,20-29,2010,0,144,-274552186
0,1639189.54141,Female,40-49,2013,0,144,-274552186
0,4768217.048597,Female,30-39,2014,0,144,-274552186
-5,4242703.342916,Female,10-19,2016,-0.0011784938978466292,144,-274552186
129,5274647.975359,Female,60-69,2017,0.02445660840356272,144,-274552186
0,1500132.629706,Female,70-79,2011,0,144,-274552186
42,2235198.587269,Female,70-79,2018,0.018790276729423065,144,-274552186
0,655916.202601,Female,10-19,2010,0,144,-274552186
0,698681.533196,Female,0-9,2013,0,144,-274552186
0,1181005.869952,Female,40-49,2010,0,144,-274552186
0,180.156057,Female,50-59,2023,0,144,-274552186
0,45.664613,Female,70-79,2006,0,144,-274552186
0,4615280.388775,Female,60-69,2015,0,144,-274552186
0,1075364.558522,Female,20-29,2011,0,144,-274552186
0,781744.410678,Female,20-29,2009,0,144,-274552186
0,3255655.438741,Female,70-79,2014,0,144,-274552186
0,685539.129363,Female,40-49,2007,0,144,-274552186
157,4872561.029432,Female,60-69,2018,0.03222124854910267,144,-274552186
28,1443840.4599590001,Female,80-89,2018,0.01939272431858233,144,-274552186
0,4152397.763176,Female,20-29,2021,0,144,-274552186
0,1237989.40178,Female,70-79,2010,0,144,-274552186
0,3839354.201232,Female,10-19,2019,0,144,-274552186
0,667982.015058,Female,70-79,2007,0,144,-274552186
0,1164950.004107,Female,30-39,2011,0,144,-274552186
0,924593.801506,Female,50-59,2008,0,144,-274552186
0,8879.427789,Female,80-89,2016,0,144,-274552186
0,365603.312799,Female,10-19,2007,0,144,-274552186
-5,5124939.559206,Female,20-29,2016,-9.756212619168222e-4,144,-274552186
0,1803232.804928,Female,70-79,2012,0,144,-274552186
0,4176502.814511,Female,10-19,2015,0,144,-274552186
0,914202.918549,Female,10-19,2013,0,144,-274552186
0,3440213.98768,Female,0-9,2015,0,144,-274552186
66,3732902.182067,Female,70-79,2016,0.017680613308611846,144,-274552186
0,1521973.445585,Female,50-59,2011,0,144,-274552186
0,670849.820671,Female,0-9,2012,0,144,-274552186
139,5936219.832991,Female,50-59,2019,0.023415574879403347,144,-274552186
0,546038.55989,Female,60-69,2007,0,144,-274552186
0,715406.370979,Female,60-69,2008,0,144,-274552186
0,858445.831622,Female,70-79,2008,0,144,-274552186
0,299.047228,Female,70-79,2023,0,144,-274552186
48,1256019.405886,Female,80-89,2020,0.038215970051944104,144,-274552186
-5,4930858.039699,Female,20-29,2018,-0.00101402229789305,144,-274552186
14,5002409.555099,Female,30-39,2019,0.0027986512990983868,144,-274552186
0,5018321.344285,Female,20-29,2015,0,144,-274552186
0,4002960.563997,Female,10-19,2018,0,144,-274552186
0,3402089.100616,Female,0-9,2017,0,144,-274552186
0,1039128.180698,Female,60-69,2010,0,144,-274552186
0,478522.861054,Female,10-19,2008,0,144,-274552186
0,3586180.81588,Female,70-79,2015,0,144,-274552186
0,1188155.997262,Female,0-9,2022,0,144,-274552186
0,6386585.196441,Female,50-59,2015,0,144,-274552186
0,5153189.188227,Female,30-39,2015,0,144,-274552186
147,5616174.390144,Female,50-59,2020,0.02617440089787363,144,-274552186
0,1292700.659822,Female,50-59,2010,0,144,-274552186
0,191137.804244,Female,10-19,2006,0,144,-274552186
59,5151006.502396,Female,40-49,2019,0.011454072126011886,144,-274552186
0,606199.025325,Female,0-9,2011,0,144,-274552186
0,2879803.164956,Female,0-9,2019,0,144,-274552186
25,542812.919918,Female,80-89,2022,0.046056383484344154,144,-274552186
0,188.919918,Female,80-89,2023,0,144,-274552186
65,2138300.73922,Female,60-69,2022,0.030397969194787083,144,-274552186
0,295287.84668,Female,30-39,2006,0,144,-274552186
0,324040.594114,Female,0-9,2007,0,144,-274552186
94,4796463.129363,Female,60-69,2016,0.019597773914814556,144,-274552186
0,4735960.451745,Female,20-29,2019,0,144,-274552186
0,1591196.418891,Female,10-19,2022,0,144,-274552186
0,551911.507187,Female,30-39,2007,0,144,-274552186
153,4580693.051335,Female,60-69,2020,0.03340105924700839,144,-274552186
60,4497671.028063,Female,40-49,2021,0.013340237564204431,144,-274552186
127,6943782.439425,Female,50-59,2017,0.018289743537891808,144,-274552186
106,6430407.154004,Female,50-59,2016,0.01648418171063979,144,-274552186
0,3325821.861739,Female,10-19,2021,0,144,-274552186
11,4763722.338125,Female,30-39,2020,0.0023091186301864935,144,-274552186
41,2400617.316906,Female,70-79,2017,0.017078940367239472,144,-274552186
0,4467831.663244,Female,10-19,2017,0,144,-274552186
0,240177.69473,Female,20-29,2006,0,144,-274552186
0,187277.634497,Female,0-9,2006,0,144,-274552186
0,147.583847,Female,40-49,2023,0,144,-274552186
0,1660136.561259,Female,60-69,2013,0,144,-274552186
0,5438360.501027,Female,40-49,2015,0,144,-274552186
0,756033.604381,Female,10-19,2011,0,144,-274552186
152,4246570.35729,Female,60-69,2021,0.03579359040621209,144,-274552186
0,126.132786,Female,20-29,2023,0,144,-274552186
0,2517173.812457,Female,0-9,2021,0,144,-274552186
0,34.338125,Female,10-19,2023,0,144,-274552186
50,2155238.781656,Female,70-79,2019,0.023199285585229674,144,-274552186
0,5159655.904175,Female,40-49,2014,0,144,-274552186
19,2213138.412047,Female,40-49,2022,0.008585093411498972,144,-274552186
0,3609119.189596,Male,60-69,2014,0,144,-274552186
0,4254467.49076,Male,10-19,2015,0,144,-274552186
183,4734134.275154,Male,40-49,2016,0.0386554308272228,144,-274552186
0,3937957.489391,Male,10-19,2019,0,144,-274552186
0,541858.370979,Male,50-59,2007,0,144,-274552186
0,2496989.519507,Male,70-79,2014,0,144,-274552186
0,348766.425736,Male,30-39,2007,0,144,-274552186
242,5255899.405886,Male,40-49,2017,0.04604349918283976,144,-274552186
0,855958.896646,Male,40-49,2010,0,144,-274552186
0,449322.086242,Male,60-69,2007,0,144,-274552186
34,4401858.893908,Male,30-39,2016,0.007724009519490657,144,-274552186
110,1873005.50308,Male,70-79,2019,0.05872913871268091,144,-274552186
0,93.869952,Male,80-89,2023,0,144,-274552186
0,568665.97399,Male,20-29,2010,0,144,-274552186
0,4125543.214237,Male,10-19,2014,0,144,-274552186
257,4427637.333333,Male,40-49,2020,0.058044501085308564,144,-274552186
0,175265.820671,Male,10-19,2006,0,144,-274552186
0,1125969.01848,Male,40-49,2012,0,144,-274552186
111,1617274.261465,Male,70-79,2021,0.0686339989727229,144,-274552186
0,1481299.134839,Male,50-59,2013,0,144,-274552186
0,3509493.990418,Male,0-9,2014,0,144,-274552186
0,481735.19781,Male,70-79,2007,0,144,-274552186
94,1941297.169062,Male,70-79,2018,0.04842123168881924,144,-274552186
14,2025776.596851,Male,30-39,2022,0.006910929873393995,144,-274552186
0,536453.308693,Male,60-69,2006,0,144,-274552186
0,29.338809,Male,20-29,2023,0,144,-274552186
0,28.70089,Male,10-19,2023,0,144,-274552186
0,648621.590691,Male,30-39,2010,0,144,-274552186
601,5106710.863792,Male,50-59,2020,0.11768827647189839,144,-274552186
47,900426.770705,Male,80-89,2020,0.05219747072069035,144,-274552186
-5,4540233.519507,Male,20-29,2018,-0.0011012649412233148,144,-274552186
0,2655246.464066,Male,0-9,2021,0,144,-274552186
0,4057097.697467,Male,30-39,2014,0,144,-274552186
0,438682.277892,Male,0-9,2008,0,144,-274552186
0,3608108.971937,Male,0-9,2017,0,144,-274552186
0,33.366188,Male,0-9,2023,0,144,-274552186
0,4309727.378508,Male,20-29,2015,0,144,-274552186
0,737698.576318,Male,10-19,2011,0,144,-274552186
231,4836618.806297,Male,40-49,2018,0.04776063801001875,144,-274552186
507,3888644.301164,Male,60-69,2021,0.13037962866602074,144,-274552186
0,754201.040383,Male,30-39,2011,0,144,-274552186
0,1166885.379877,Male,50-59,2011,0,144,-274552186
0,1119352.413415,Male,70-79,2011,0,144,-274552186
0,349232.188912,Male,0-9,2007,0,144,-274552186
0,482009.122519,Male,40-49,2007,0,144,-274552186
0,912517.316906,Male,70-79,2010,0,144,-274552186
0,769948.199863,Male,0-9,2013,0,144,-274552186
0,660376.054757,Male,0-9,2011,0,144,-274552186
19,392169.798768,Male,80-89,2022,0.04844840183942882,144,-274552186
0,3652833.500342,Male,0-9,2016,0,144,-274552186
0,708579.071869,Male,60-69,2009,0,144,-274552186
0,626553.489391,Male,40-49,2008,0,144,-274552186
0,804077.826146,Male,20-29,2012,0,144,-274552186
0,4131621.462012,Male,20-29,2014,0,144,-274552186
33,1139463.312799,Male,80-89,2017,0.028961002631087925,144,-274552186
0,584829.664613,Male,60-69,2008,0,144,-274552186
0,466569.242984,Male,30-39,2008,0,144,-274552186
0,844285.527721,Male,60-69,2010,0,144,-274552186
50,792819.099247,Male,80-89,2021,0.0630660891589125,144,-274552186
0,4323880.711841,Male,10-19,2016,0,144,-274552186
0,5265105.190965,Male,50-59,2014,0,144,-274552186
0,1020777.470226,Male,60-69,2011,0,144,-274552186
238,2286593.010267,Male,50-59,2022,0.10408498536091007,144,-274552186
0,77.160849,Male,40-49,2023,0,144,-274552186
0,26.89117,Male,70-79,2006,0,144,-274552186
458,5608177.798768,Male,50-59,2016,0.081666455029406,144,-274552186
0,3423507.017112,Male,10-19,2021,0,144,-274552186
39,950605.347023,Male,80-89,2019,0.04102648919673749,144,-274552186
0,1352674.537988,Male,50-59,2012,0,144,-274552186
0,634812.851472,Male,10-19,2010,0,144,-274552186
0,876237.952088,Male,30-39,2012,0,144,-274552186
0,474374.96783,Male,20-29,2009,0,144,-274552186
0,46.083504,Male,30-39,2023,0,144,-274552186
0,542314.732375,Male,10-19,2009,0,144,-274552186
0,140.837782,Male,50-59,2023,0,144,-274552186
51,1020118.658453,Male,80-89,2018,0.049994184085742535,144,-274552186
0,740101.218344,Male,40-49,2009,0,144,-274552186
370,4163461.574264,Male,60-69,2016,0.08886835951293896,144,-274552186
0,5575761.7330600005,Male,50-59,2015,0,144,-274552186
0,175.266256,Male,70-79,2023,0,144,-274552186
0,201744.865161,Male,0-9,2006,0,144,-274552186
586,4729247.438741,Male,50-59,2021,0.123909777948942,144,-274552186
0,703026.707734,Male,50-59,2008,0,144,-274552186
0,2806494.425736,Male,70-79,2015,0,144,-274552186
105,2039997.144422,Male,40-49,2022,0.051470660283571154,144,-274552186
0,2871394.422998,Male,0-9,2020,0,144,-274552186
0,3050060.936345,Male,0-9,2019,0,144,-274552186
608,5369127.118412,Male,50-59,2019,0.11324000840192905,144,-274552186
58,4486739.134839,Male,30-39,2019,0.012926982883768937,144,-274552186
0,907051.649555,Male,10-19,2013,0,144,-274552186
0,3704697.73306,Male,10-19,2020,0,144,-274552186
0,4099349.571526,Male,10-19,2018,0,144,-274552186
220,4137025.043121,Male,40-49,2021,0.05317830994661577,144,-274552186
0,840394.258727,Male,50-59,2009,0,144,-274552186
0,4730421.086927,Male,40-49,2015,0,144,-274552186
92,2933624.733744,Male,70-79,2016,0.03136052097658251,144,-274552186
0,1255188.002738,Male,0-9,2022,0,144,-274552186
0,266367.969884,Male,20-29,2007,0,144,-274552186
32,4893053.820671,Male,30-39,2017,0.006539883102207885,144,-274552186
560,4268311.986311,Male,60-69,2019,0.13119940664974555,144,-274552186
0,679130.803559,Male,20-29,2011,0,144,-274552186
0,1634460.325804,Male,10-19,2022,0,144,-274552186
479,4658816.648871,Male,60-69,2017,0.10281580841265325,144,-274552186
106,2084146.157426,Male,70-79,2017,0.050860156626881696,144,-274552186
233,4660082.896646,Male,40-49,2019,0.049999110566830686,144,-274552186
-5,3979394.124572,Male,20-29,2021,-0.0012564726798800735,144,-274552186
0,559613.338809,Male,30-39,2009,0,144,-274552186
0,454405.54141,Male,10-19,2008,0,144,-274552186
0,507030.754278,Male,0-9,2009,0,144,-274552186
0,619884.706366,Male,70-79,2008,0,144,-274552186
0,579559.947981,Male,0-9,2010,0,144,-274552186
0,4001333.785079,Male,60-69,2015,0,144,-274552186
0,3186664.563997,Male,0-9,2018,0,144,-274552186
7,4230178.143737,Male,20-29,2020,0.0016547766458402857,144,-274552186
0,305095.069131,Male,50-59,2006,0,144,-274552186
0,4574647.47707,Male,10-19,2017,0,144,-274552186
0,123912.065708,Male,20-29,2006,0,144,-274552186
463,4355809.149897,Male,60-69,2018,0.10629483158392015,144,-274552186
0,991669.475702,Male,40-49,2011,0,144,-274552186
0,261444.290212,Male,40-49,2006,0,144,-274552186
0,204.539357,Male,60-69,2023,0,144,-274552186
0,896948.80219,Male,20-29,2013,0,144,-274552186
41,4321605.412731,Male,30-39,2020,0.009487215070403758,144,-274552186
105,1800322.773443,Male,70-79,2020,0.05832287495824671,144,-274552186
0,4536993.442847,Male,40-49,2014,0,144,-274552186
238,1956571.307324,Male,60-69,2022,0.12164136267822116,144,-274552186
38,4091770.814511,Male,30-39,2021,0.009286932656452146,144,-274552186
0,379507.947981,Male,20-29,2008,0,144,-274552186
0,1339063.893224,Male,60-69,2013,0,144,-274552186
0,753789.100616,Male,70-79,2009,0,144,-274552186
-5,4916893.229295,Male,20-29,2017,-0.001016902293141093,144,-274552186
0,1202879.893224,Male,60-69,2012,0,144,-274552186
35,4576432.892539,Male,30-39,2018,0.007647877904439682,144,-274552186
0,964606.130048,Male,30-39,2013,0,144,-274552186
0,1202975.011636,Male,40-49,2013,0,144,-274552186
0,735211.526352,Male,0-9,2012,0,144,-274552186
0,1549713.787817,Male,70-79,2013,0,144,-274552186
0,177664.227242,Male,30-39,2006,0,144,-274552186
0,4316174.926762,Male,30-39,2015,0,144,-274552186
528,4163126.576318,Male,60-69,2020,0.1268277556112598,144,-274552186
5,4384925.546886,Male,20-29,2016,0.0011402702158878847,144,-274552186
0,840336.060233,Male,10-19,2012,0,144,-274552186
0,344255.657769,Male,10-19,2007,0,144,-274552186
0,6435.27447,Male,80-89,2016,0,144,-274552186
0,1354499.323751,Male,70-79,2012,0,144,-274552186
-5,1954196.780287,Male,20-29,2022,-0.002558595966607663,144,-274552186
0,3645374.069815,Male,0-9,2015,0,144,-274552186
56,803296.232717,Male,70-79,2022,0.06971276313669544,144,-274552186
0,987950.176591,Male,50-59,2010,0,144,-274552186
562,6147865.932923,Male,50-59,2017,0.09141383467560382,144,-274552186
597,5614374.058864,Male,50-59,2018,0.10633420462205463,144,-274552186
9,4426940.783025,Male,20-29,2019,0.0020330066384692306,144,-274552186
